{
    "number": 0,
    "path": "weights/",
    "name": "EfficientNet-BF",
    "model_type": "<class 'modules.learning.models.EfficientNet'>",
    "img_channels": [
        1,
        1,
        1
    ],
    "batch_size": 16,
    "num_epochs": 30,
    "learning_rate": 0.0001,
    "train_loss": [
        0.14451576854173953,
        0.11526605722995904,
        0.106738827251471,
        0.1018563339801935,
        0.09633424674089139,
        0.09475940721539351,
        0.09078596564439627,
        0.08935889626924808,
        0.08596114175824018,
        0.08401390270544933,
        0.08186050440256412,
        0.08044224057060022,
        0.08036099569155619,
        0.07893137459571545,
        0.07766381574364808,
        0.07625455272885469,
        0.07547825934795233,
        0.07452755942940711,
        0.07258651216442769,
        0.0704343810906777,
        0.07052831050295096,
        0.06896643345172589,
        0.06764929551344652,
        0.06569011540367053,
        0.06573022791972527,
        0.06774978473782539,
        0.06538135938919508,
        0.06564285966066213,
        0.06380883282193771,
        0.06378007749525401
    ],
    "test_loss": [
        0.1186375935440478,
        0.10289940464755763,
        0.0923921718545582,
        0.11935868405777475,
        646.1525980535408,
        9.115638520082701,
        0.0932998263641544,
        0.0779463441475578,
        0.08325088105123976,
        0.09214323402746864,
        0.32317434218914615,
        0.07515478215139845,
        0.07931693789103757,
        0.3394972314329251,
        0.07570386175876079,
        1.9062324278056622,
        0.07689954324261002,
        0.07494271789555965,
        0.09135457938132079,
        0.06919014891204626,
        0.08339636497523474,
        0.07096556509318559,
        0.06845316873944324,
        0.07270257709466893,
        0.08105238786210185,
        0.07282998461438261,
        0.06779448979574701,
        0.07009803600933241,
        0.0728923956985059,
        0.07264748037509296
    ]
}