{
    "number": 2,
    "path": "weights/",
    "name": "DYCE-BF",
    "model_type": "<class 'modules.learning.models.DYCE'>",
    "img_channels": [
        1,
        1,
        1
    ],
    "batch_size": 1,
    "num_epochs": 6,
    "learning_rate": 0.0001,
    "train_loss": [
        0.03597777966780081,
        0.027548774588451366,
        0.02597246594016071,
        0.024427909593921122,
        0.023331578706189023,
        0.022490688250119635
    ],
    "test_loss": [
        0.04057974922314661,
        0.038724389145743915,
        0.031839797670813796,
        0.036788694656131445,
        0.03785823840796219,
        0.02991149938657526
    ],
    "train_R2": [
        0.6314434533222143,
        0.7655013738546173,
        0.7855893983897009,
        0.7980805034465577,
        0.8060656800900594,
        0.8132037677117835
    ],
    "test_R2": [
        0.7461376190185547,
        0.7782708406448364,
        0.7923268675804138,
        0.8022581338882446,
        0.8096681833267212,
        0.8157310485839844
    ]
}